{
  "timestamp": "2025-12-18T23:42:24.999714Z",
  "epoch": 100,
  "total_epochs": 100,
  "train_loss": 3.646429329548242,
  "val_loss": 3.590832312901815,
  "progress_pct": 100.0,
  "eta_hours": 0,
  "status": "completed"
}