{
  "train_losses": [
    1.4866532981395721,
    0.7520618531852961,
    0.2911990359425545,
    0.09271858003921807,
    0.035547283478081226,
    0.015732743457192555,
    0.007944463024614379,
    0.005529104542802088,
    0.004093333380296826,
    0.003656620378023945,
    0.0030521751832566224,
    0.002383813844062388,
    0.0020906023564748466,
    0.001762245625286596,
    0.001450096311600646,
    0.0014081081535550766,
    0.0011262251136940904,
    0.0009652286098571494,
    0.0009660546875238651,
    0.0009027454470924567
  ],
  "val_losses": [
    1.0315313190221786,
    0.4512040317058563,
    0.13124283030629158,
    0.0449974499642849,
    0.017431980930268764,
    0.008180136559531093,
    0.005958738969638944,
    0.0049247018760070205,
    0.004320398496929556,
    0.0038787643134128302,
    0.0035372934653423727,
    0.0031474896240979433,
    0.002851745783118531,
    0.0027221316704526544,
    0.0024896822578739375,
    0.0024502154265064746,
    0.0023071301984600723,
    0.002131007582647726,
    0.002085691870888695,
    0.002028132847044617
  ],
  "learning_rates": [
    1e-05,
    2e-05,
    3e-05,
    4e-05,
    5e-05,
    6e-05,
    7.000000000000001e-05,
    8e-05,
    8.999999999999999e-05,
    0.0001,
    0.00011,
    0.00012,
    0.00013000000000000002,
    0.00014000000000000001,
    0.00015,
    0.00016,
    0.00017,
    0.00017999999999999998,
    0.00019,
    0.0002,
    0.00021,
    0.00022,
    0.00023,
    0.00024,
    0.00025,
    0.00026000000000000003,
    0.00027,
    0.00028000000000000003,
    0.00029,
    0.0003,
    0.00031,
    0.00032,
    0.00033,
    0.00034,
    0.00035,
    0.00035999999999999997,
    0.00037,
    0.00038,
    0.00039000000000000005,
    0.0004,
    0.00041,
    0.00042,
    0.00043,
    0.00044,
    0.00045000000000000004,
    0.00046,
    0.00047,
    0.00048,
    0.00049,
    0.0005,
    0.00051,
    0.0005200000000000001,
    0.0005300000000000001,
    0.00054,
    0.00055,
    0.0005600000000000001,
    0.00057,
    0.00058,
    0.00059,
    0.0006,
    0.00061,
    0.00062,
    0.00063,
    0.00064,
    0.0006500000000000001,
    0.00066,
    0.00067,
    0.00068,
    0.00069,
    0.0007,
    0.00071,
    0.0007199999999999999,
    0.00073,
    0.00074,
    0.00075,
    0.00076,
    0.0007700000000000001,
    0.0007800000000000001,
    0.00079,
    0.0008,
    0.0008100000000000001,
    0.00082,
    0.00083,
    0.00084,
    0.00085,
    0.00086,
    0.00087,
    0.00088,
    0.0008900000000000001,
    0.0009000000000000001,
    0.00091,
    0.00092,
    0.00093,
    0.00094,
    0.00095,
    0.00096,
    0.0009699999999999999,
    0.00098,
    0.00099,
    0.001,
    0.0009913533761814538,
    0.000965745789630079,
    0.0009241613255361454,
    0.0008681980515339464,
    0.000800006604858821,
    0.0007222075445642905,
    0.0006377906449072579,
    0.00055,
    0.0004622093550927423,
    0.0003777924554357096,
    0.00029999339514117913,
    0.00023180194846605365,
    0.0001758386744638546,
    0.00013425421036992097,
    0.00010864662381854631,
    0.001,
    0.0009913533761814538,
    0.000965745789630079,
    0.0009241613255361454,
    0.0008681980515339464,
    0.000800006604858821,
    0.0007222075445642905,
    0.0006377906449072579,
    0.00055,
    0.0004622093550927423,
    0.0003777924554357096,
    0.00029999339514117913,
    0.00023180194846605365,
    0.0001758386744638546,
    0.00013425421036992097,
    0.00010864662381854631,
    0.001,
    0.0009913533761814538,
    0.000965745789630079,
    0.0009241613255361454,
    0.0008681980515339464,
    0.000800006604858821,
    0.0007222075445642905,
    0.0006377906449072579,
    0.00055,
    0.0004622093550927423,
    0.0003777924554357096,
    0.00029999339514117913,
    0.00023180194846605365,
    0.0001758386744638546,
    0.00013425421036992097,
    0.00010864662381854631,
    0.001,
    0.0009913533761814538,
    0.000965745789630079,
    0.0009241613255361454,
    0.0008681980515339464,
    0.000800006604858821,
    0.0007222075445642905,
    0.0006377906449072579,
    0.00055,
    0.0004622093550927423,
    0.0003777924554357096,
    0.00029999339514117913,
    0.00023180194846605365,
    0.0001758386744638546,
    0.00013425421036992097,
    0.00010864662381854631,
    0.001,
    0.0009913533761814538,
    0.000965745789630079,
    0.0009241613255361454,
    0.0008681980515339464,
    0.000800006604858821,
    0.0007222075445642905,
    0.0006377906449072579,
    0.00055,
    0.0004622093550927423,
    0.0003777924554357096,
    0.00029999339514117913,
    0.00023180194846605365,
    0.0001758386744638546,
    0.00013425421036992097,
    0.00010864662381854631,
    0.001,
    0.0009913533761814538,
    0.000965745789630079,
    0.0009241613255361454,
    0.0008681980515339464,
    0.000800006604858821,
    0.0007222075445642905,
    0.0006377906449072579,
    0.00055,
    0.0004622093550927423,
    0.0003777924554357096,
    0.00029999339514117913,
    0.00023180194846605365,
    0.0001758386744638546,
    0.00013425421036992097,
    0.00010864662381854631,
    0.001,
    0.0009913533761814538,
    0.000965745789630079,
    0.0009241613255361454,
    0.0008681980515339464,
    0.000800006604858821,
    0.0007222075445642905,
    0.0006377906449072579,
    0.00055,
    0.0004622093550927423,
    0.0003777924554357096,
    0.00029999339514117913,
    0.00023180194846605365,
    0.0001758386744638546,
    0.00013425421036992097,
    0.00010864662381854631,
    0.001,
    0.0009913533761814538,
    0.000965745789630079,
    0.0009241613255361454,
    0.0008681980515339464,
    0.000800006604858821,
    0.0007222075445642905,
    0.0006377906449072579,
    0.00055,
    0.0004622093550927423,
    0.0003777924554357096,
    0.00029999339514117913,
    0.00023180194846605365,
    0.0001758386744638546,
    0.00013425421036992097,
    0.00010864662381854631,
    0.001,
    0.0009913533761814538,
    0.000965745789630079,
    0.0009241613255361454,
    0.0008681980515339464,
    0.000800006604858821,
    0.0007222075445642905,
    0.0006377906449072579,
    0.00055,
    0.0004622093550927423,
    0.0003777924554357096,
    0.00029999339514117913,
    0.00023180194846605365,
    0.0001758386744638546,
    0.00013425421036992097,
    0.00010864662381854631,
    0.001,
    0.0009913533761814538,
    0.000965745789630079,
    0.0009241613255361454,
    0.0008681980515339464,
    0.000800006604858821,
    0.0007222075445642905,
    0.0006377906449072579,
    0.00055,
    0.0004622093550927423,
    0.0003777924554357096,
    0.00029999339514117913,
    0.00023180194846605365,
    0.0001758386744638546,
    0.00013425421036992097,
    0.00010864662381854631,
    0.001,
    0.0009913533761814538,
    0.000965745789630079,
    0.0009241613255361454,
    0.0008681980515339464,
    0.000800006604858821,
    0.0007222075445642905,
    0.0006377906449072579,
    0.00055,
    0.0004622093550927423,
    0.0003777924554357096,
    0.00029999339514117913,
    0.00023180194846605365,
    0.0001758386744638546,
    0.00013425421036992097,
    0.00010864662381854631,
    0.001,
    0.0009913533761814538,
    0.000965745789630079,
    0.0009241613255361454,
    0.0008681980515339464,
    0.000800006604858821,
    0.0007222075445642905,
    0.0006377906449072579,
    0.00055,
    0.0004622093550927423,
    0.0003777924554357096,
    0.00029999339514117913,
    0.00023180194846605365,
    0.0001758386744638546,
    0.00013425421036992097,
    0.00010864662381854631,
    0.001,
    0.0009913533761814538,
    0.000965745789630079,
    0.0009241613255361454,
    0.0008681980515339464,
    0.000800006604858821,
    0.0007222075445642905,
    0.0006377906449072579,
    0.00055,
    0.0004622093550927423,
    0.0003777924554357096,
    0.00029999339514117913,
    0.00023180194846605365,
    0.0001758386744638546,
    0.00013425421036992097,
    0.00010864662381854631,
    0.001,
    0.0009913533761814538,
    0.000965745789630079,
