{
  "train_losses": [
    1.5370900420581592,
    0.759830068139469,
    0.27682241709793315,
    0.06839634193217053,
    0.021377364447449938,
    0.008784512770088279,
    0.00461528221528758,
    0.0035392405081759483,
    0.0027216090957688935,
    0.002086634124519632,
    0.001723641817293623,
    0.0014986143557026105,
    0.001220126958180438,
    0.0010217961218372425,
    0.0009416136856409995,
    0.0008076172705520602,
    0.0006775129809016909,
    0.0006777319666819976,
    0.0005236632012597778,
    0.0005286852794918505,
    0.0005201188974109862,
    0.00046573761809507716,
    0.00039037076674182624,
    0.0003745140994022436,
    0.0003557416536804179,
    0.0003216657137005206,
    0.00030073750188902896,
    0.00026467419315047343,
    0.0002584293902413372,
    0.00024602121437269757
  ],
  "val_losses": [
    0.9536010026931763,
    0.4030384123325348,
    0.09642704576253891,
    0.02361043691635132,
    0.007191367167979479,
    0.0028208123752847315,
    0.0016601534560322761,
    0.0011312280781567096,
    0.0007970424310769885,
    0.0006254230043850839,
    0.0004591263539623469,
    0.0003594925452489406,
    0.0002858692721929401,
    0.00021841409616172314,
    0.00017691266257315874,
    0.0001576764800120145,
    0.00014033840416232123,
    0.00012338614033069462,
    0.00010402638145023957,
    9.379419643664732e-05,
    8.910829710657708e-05,
    7.320859149331226e-05,
    6.99851218087133e-05,
    6.61644691717811e-05,
    6.065266570658423e-05,
    6.35910742857959e-05,
    5.971697246422991e-05,
    5.535434829653241e-05,
    4.7426984383491797e-05,
    3.972476661147084e-05
  ],
  "learning_rates": [
    1e-05,
    2e-05,
    3e-05,
    4e-05,
    5e-05,
    6e-05,
    7.000000000000001e-05,
    8e-05,
    8.999999999999999e-05,
    0.0001,
    0.00011,
    0.00012,
    0.00013000000000000002,
    0.00014000000000000001,
    0.00015,
    0.00016,
    0.00017,
    0.00017999999999999998,
    0.00019,
    0.0002,
    0.00021,
    0.00022,
    0.00023,
    0.00024,
    0.00025,
    0.00026000000000000003,
    0.00027,
    0.00028000000000000003,
    0.00029,
    0.0003,
    0.00031,
    0.00032,
    0.00033,
    0.00034,
    0.00035,
    0.00035999999999999997,
    0.00037,
    0.00038,
    0.00039000000000000005,
    0.0004,
    0.00041,
    0.00042,
    0.00043,
    0.00044,
    0.00045000000000000004,
    0.00046,
    0.00047,
    0.00048,
    0.00049,
    0.0005,
    0.00051,
    0.0005200000000000001,
    0.0005300000000000001,
    0.00054,
    0.00055,
    0.0005600000000000001,
    0.00057,
    0.00058,
    0.00059,
    0.0006,
    0.00061,
    0.00062,
    0.00063,
    0.00064,
    0.0006500000000000001,
    0.00066,
    0.00067,
    0.00068,
    0.00069,
    0.0007,
    0.00071,
    0.0007199999999999999,
    0.00073,
    0.00074,
    0.00075,
    0.00076,
    0.0007700000000000001,
    0.0007800000000000001,
    0.00079,
    0.0008,
    0.0008100000000000001,
    0.00082,
    0.00083,
    0.00084,
    0.00085,
    0.00086,
    0.00087,
    0.00088,
    0.0008900000000000001,
    0.0009000000000000001,
    0.00091,
    0.00092,
    0.00093,
    0.00094,
    0.00095,
    0.00096,
    0.0009699999999999999,
    0.00098,
    0.00099,
    0.001,
    0.0009923378948577559,
    0.0009696125032319601,
    0.0009325977110783264,
    0.0008825540127492966,
    0.0008211855863706654,
    0.0007505822600994423,
    0.0006731483455324374,
    0.0005915207617584859,
    0.0005084792382415141,
    0.00042685165446756273,
    0.000349417739900558,
    0.00027881441362933467,
    0.0002174459872507033,
    0.0001674022889216737,
    0.00013038749676803994,
    0.00010766210514224421,
    0.001,
    0.0009923378948577559,
    0.0009696125032319601,
    0.0009325977110783264,
    0.0008825540127492966,
    0.0008211855863706654,
    0.0007505822600994423,
    0.0006731483455324374,
    0.0005915207617584859,
    0.0005084792382415141,
    0.00042685165446756273,
    0.000349417739900558,
    0.00027881441362933467,
    0.0002174459872507033,
    0.0001674022889216737,
    0.00013038749676803994,
    0.00010766210514224421,
    0.001,
    0.0009923378948577559,
    0.0009696125032319601,
    0.0009325977110783264,
    0.0008825540127492966,
    0.0008211855863706654,
    0.0007505822600994423,
    0.0006731483455324374,
    0.0005915207617584859,
    0.0005084792382415141,
    0.00042685165446756273,
    0.000349417739900558,
    0.00027881441362933467,
    0.0002174459872507033,
    0.0001674022889216737,
    0.00013038749676803994,
    0.00010766210514224421,
    0.001,
    0.0009923378948577559,
    0.0009696125032319601,
    0.0009325977110783264,
    0.0008825540127492966,
    0.0008211855863706654,
    0.0007505822600994423,
    0.0006731483455324374,
    0.0005915207617584859,
    0.0005084792382415141,
    0.00042685165446756273,
    0.000349417739900558,
    0.00027881441362933467,
    0.0002174459872507033,
    0.0001674022889216737,
    0.00013038749676803994,
    0.00010766210514224421,
    0.001,
    0.0009923378948577559,
    0.0009696125032319601,
    0.0009325977110783264,
    0.0008825540127492966,
    0.0008211855863706654,
    0.0007505822600994423,
    0.0006731483455324374,
    0.0005915207617584859,
    0.0005084792382415141,
    0.00042685165446756273,
    0.000349417739900558,
    0.00027881441362933467,
    0.0002174459872507033,
    0.0001674022889216737,
    0.00013038749676803994,
    0.00010766210514224421,
    0.001,
    0.0009923378948577559,
    0.0009696125032319601,
    0.0009325977110783264,
    0.0008825540127492966,
    0.0008211855863706654,
    0.0007505822600994423,
    0.0006731483455324374,
    0.0005915207617584859,
    0.0005084792382415141,
    0.00042685165446756273,
    0.000349417739900558,
    0.00027881441362933467,
    0.0002174459872507033,
    0.0001674022889216737,
    0.00013038749676803994,
    0.00010766210514224421,
    0.001,
    0.0009923378948577559,
    0.0009696125032319601,
    0.0009325977110783264,
    0.0008825540127492966,
    0.0008211855863706654,
    0.0007505822600994423,
    0.0006731483455324374,
    0.0005915207617584859,
    0.0005084792382415141,
    0.00042685165446756273,
    0.000349417739900558,
    0.00027881441362933467,
    0.0002174459872507033,
    0.0001674022889216737,
    0.00013038749676803994,
    0.00010766210514224421,
    0.001,
    0.0009923378948577559,
    0.0009696125032319601,
    0.0009325977110783264,
    0.0008825540127492966,
    0.0008211855863706654,
    0.0007505822600994423,
    0.0006731483455324374,
    0.0005915207617584859,
    0.0005084792382415141,
    0.00042685165446756273,
    0.000349417739900558,
    0.00027881441362933467,
    0.0002174459872507033,
    0.0001674022889216737,
    0.00013038749676803994,
    0.00010766210514224421,
    0.001,
    0.0009923378948577559,
    0.0009696125032319601,
    0.0009325977110783264,
    0.0008825540127492966,
    0.0008211855863706654,
    0.0007505822600994423,
    0.0006731483455324374,
    0.0005915207617584859,
    0.0005084792382415141,
    0.00042685165446756273,
    0.000349417739900558,
    0.00027881441362933467,
    0.0002174459872507033,
    0.0001674022889216737,
    0.00013038749676803994,
    0.00010766210514224421,
    0.001,
    0.0009923378948577559,
    0.0009696125032319601,
    0.0009325977110783264,
    0.0008825540127492966,
    0.0008211855863706654,
    0.0007505822600994423,
    0.0006731483455324374,
    0.0005915207617584859,
    0.0005084792382415141,
    0.00042685165446756273,
    0.000349417739900558,
    0.00027881441362933467,
    0.0002174459872507033,
    0.0001674022889216737,
    0.00013038749676803994,
    0.00010766210514224421,
    0.001,
    0.0009923378948577559,
    0.0009696125032319601,
    0.0009325977110783264,
    0.0008825540127492966,
    0.0008211855863706654,
    0.0007505822600994423,
    0.0006731483455324374,
    0.0005915207617584859,
    0.0005084792382415141,
    0.00042685165446756273,
