{
  "train_losses": [
    0.7824119939045473,
    0.3686749099782019,
    0.2927132631567391,
    0.2330442484129559,
    0.21342952831676512,
    0.41776355675288607,
    0.33376713735716684,
    0.30462280022246496,
    0.2650627706732069,
    0.24186244074787414,
    0.22364296125514166,
    0.20185006942067826,
    0.19099013826676778,
    0.17518662235566548,
    0.1650547587445804,
    0.15718285047582217,
    0.14425436034798622,
    0.14128471751298224,
    0.13067086413502693,
    0.1306380783872945,
    0.1225455669420106,
    0.11646379370774541,
    0.11338347303015846,
    0.10611999034881592,
    0.10938836421285357,
    0.1015548227088792,
    0.10005852420415197,
    0.09583456867507525,
    0.0954066663980484,
    0.09392644731061799,
    0.25709788939532113,
    0.22763488836148205,
    0.20985297464272556,
    0.18889727399629705,
    0.17194541412241318,
    0.1846669772092034,
    0.15769897006890354,
    0.16154169422738693,
    0.15363065591629813,
    0.14183306168107426,
    0.14159458437386682,
    0.13443273525027669,
    0.12753561182933695,
    0.12712599117966258,
    0.12093096971511841,
    0.12198347379179562,
    0.11586312555214938,
    0.11207388385253794,
    0.11059566280421089,
    0.10829827803022721,
    0.10775017168592005,
    0.10759931802749634,
    0.1056155413389206,
    0.10006073248736999,
    0.10052346306688645,
    0.05774212321814369,
    0.05300455014495289,
    0.047938802443882995,
    0.047553304582834244,
    0.0452063451795017,
    0.056158685289761597,
    0.04510079236591563,
    0.04633287669104688,
    0.04367768545361126,
    0.043719051296220106,
    0.041924472679110134,
    0.042861029943999124,
    0.039763103622724026,
    0.041596144766492,
    0.038874219555188626,
    0.041739081196925217,
    0.039258234093294424,
    0.04509733135209364,
    0.03975263763876522,
    0.040499954320052094,
    0.039055241162286085,
    0.039557230932747614,
    0.040901760625488615,
    0.042391204658676594,
    0.039168171255904084
  ],
  "val_losses": [
    0.37990135451157886,
    0.2894664953152339,
    0.25365903311305577,
    0.24534498155117035,
    0.2314980642663108,
    0.3295101746916771,
    0.29221122339367867,
    0.26475298404693604,
    0.24686307832598686,
    0.24504073336720467,
    0.22411669790744781,
    0.21737390011548996,
    0.21083636209368706,
    0.2051813267171383,
    0.2040703482925892,
    0.1995181366801262,
    0.19739679992198944,
    0.19431442394852638,
    0.19383232668042183,
    0.19065487012267113,
    0.1884506717324257,
    0.1890348345041275,
    0.18942543864250183,
    0.18866169452667236,
    0.18955892324447632,
    0.18962163478136063,
    0.1930047981441021,
    0.1926388256251812,
    0.1931525133550167,
    0.1946660503745079,
    0.2906424105167389,
    0.22594692707061767,
    0.21639846712350846,
    0.2138480842113495,
    0.2107348173856735,
    0.20897452384233475,
    0.21130539029836654,
    0.2081711173057556,
    0.2102038860321045,
    0.21004996299743653,
    0.212569959461689,
    0.2110355541110039,
    0.2202854186296463,
    0.21519694179296495,
    0.21839074343442916,
    0.2159879758954048,
    0.22493177354335786,
    0.22130691558122634,
    0.22360980808734893,
    0.22358382642269134,
    0.22877417206764222,
    0.22726080119609832,
    0.23365097045898436,
    0.22899756580591202,
    0.23447919338941575,
    0.10689756236970424,
    0.10543859638273716,
    0.10520343407988549,
    0.1078958010300994,
    0.10842884872108698,
    0.10980797316879035,
    0.11161124110221862,
    0.11178782712668181,
    0.11147579792886972,
    0.11247777733951807,
    0.1126274362206459,
    0.11352833528071642,
    0.11448011621832847,
    0.11538959853351116,
    0.11709685493260621,
    0.11641466878354549,
    0.11644578147679567,
    0.11854025889188051,
    0.1188870994374156,
    0.11923922952264547,
    0.11826321799308062,
    0.11894840113818646,
    0.11980409696698188,
    0.12063642274588346,
    0.12217409610748291
  ],