{
  "train_losses": [
    0.7824119939045473,
    0.3686749099782019,
    0.2927132631567391,
    0.2330442484129559,
    0.21342952831676512,
    0.41776355675288607,
    0.33376713735716684,
    0.30462280022246496,
    0.2650627706732069,
    0.24186244074787414,
    0.22364296125514166,
    0.20185006942067826,
    0.19099013826676778,
    0.17518662235566548,
    0.1650547587445804,
    0.15718285047582217,
    0.14425436034798622,
    0.14128471751298224,
    0.13067086413502693,
    0.1306380783872945,
    0.1225455669420106,
    0.11646379370774541,
    0.11338347303015846,
    0.10611999034881592,
    0.10938836421285357,
    0.1015548227088792,
    0.10005852420415197,
    0.09583456867507525,
    0.0954066663980484,
    0.09392644731061799
  ],
  "val_losses": [
    0.37990135451157886,
    0.2894664953152339,
    0.25365903311305577,
    0.24534498155117035,
    0.2314980642663108,
    0.3295101746916771,
    0.29221122339367867,
    0.26475298404693604,
    0.24686307832598686,
    0.24504073336720467,
    0.22411669790744781,
    0.21737390011548996,
    0.21083636209368706,
    0.2051813267171383,
    0.2040703482925892,
    0.1995181366801262,
    0.19739679992198944,
    0.19431442394852638,
    0.19383232668042183,
    0.19065487012267113,
    0.1884506717324257,
    0.1890348345041275,
    0.18942543864250183,
    0.18866169452667236,
    0.18955892324447632,
    0.18962163478136063,
    0.1930047981441021,
    0.1926388256251812,
    0.1931525133550167,
    0.1946660503745079
  ],
  "learning_rates": [
    0.001,
    0.0009979623651578881,
    0.000991867913768218,
    0.000981771838126524,
    0.0009677655698572327,
    0.0009499759518947155,
    0.0009285640897740315,
    0.0009037238926342544,
    0.0008756803171472815,
    0.0008446873302753783,
    0.0008110256093070392,
    0.0007750000000000001,
    0.000736936755850849,
    0.0006971805834928397,
    0.0006560915209792423,
    0.0006140416772229784,
    0.0005714118621206842,
    0.000528588137879316,
    0.00048595832277702173,
    0.00044390847902075787,
    0.00040281941650716026,
    0.00036306324414915104,
    0.0003250000000000001,
    0.0002889743906929609,
    0.00025531266972462173,
    0.00022431968285271839,
    0.00019627610736574564,
    0.0001714359102259685,
    0.0001500240481052845,
    0.00013223443014276733,
    0.00011822816187347625,
    0.00010813208623178204,
    0.00010203763484211194,
    0.001,
    0.0009979623651578881,
    0.000991867913768218,
    0.000981771838126524,
    0.0009677655698572327,
    0.0009499759518947155,
    0.0009285640897740315,
    0.0009037238926342544,
    0.0008756803171472815,
    0.0008446873302753783,
    0.0008110256093070392,
    0.0007750000000000001,
    0.000736936755850849,
    0.0006971805834928397,
    0.0006560915209792423,
    0.0006140416772229784,
    0.0005714118621206842,
    0.000528588137879316,
    0.00048595832277702173,
    0.00044390847902075787,
    0.00040281941650716026,
    0.00036306324414915104,
    0.0003250000000000001,
    0.0002889743906929609,
    0.00025531266972462173,
    0.00022431968285271839,
    0.00019627610736574564,
    0.0001714359102259685,
    0.0001500240481052845,
    0.00013223443014276733,
    0.00011822816187347625,
    0.00010813208623178204,
    0.00010203763484211194,
    0.001,
    0.0009979623651578881,
    0.000991867913768218,
    0.000981771838126524,
    0.0009677655698572327,
    0.0009499759518947155,
    0.0009285640897740315,
    0.0009037238926342544,
    0.0008756803171472815,
    0.0008446873302753783,
    0.0008110256093070392,
    0.0007750000000000001,
    0.000736936755850849,
    0.0006971805834928397,
    0.0006560915209792423,
    0.0006140416772229784,
    0.0005714118621206842,
    0.000528588137879316,
    0.00048595832277702173,
    0.00044390847902075787,
    0.00040281941650716026,
    0.00036306324414915104,
    0.0003250000000000001,
    0.0002889743906929609,
    0.00025531266972462173,
    0.00022431968285271839,
    0.00019627610736574564,
    0.0001714359102259685,
    0.0001500240481052845,
    0.00013223443014276733,
    0.00011822816187347625,
    0.00010813208623178204,
    0.00010203763484211194,
    0.001,
    0.0009979623651578881,
    0.000991867913768218,
    0.000981771838126524,
    0.0009677655698572327,
    0.0009499759518947155,
    0.0009285640897740315,
    0.0009037238926342544,
    0.0008756803171472815,
    0.0008446873302753783,
    0.0008110256093070392,
    0.0007750000000000001,
    0.000736936755850849,
    0.0006971805834928397,
    0.0006560915209792423,
    0.0006140416772229784,
    0.0005714118621206842,
    0.000528588137879316,
    0.00048595832277702173,
    0.00044390847902075787,
    0.00040281941650716026,
    0.00036306324414915104,
    0.0003250000000000001,
    0.0002889743906929609,
    0.00025531266972462173,
    0.00022431968285271839,
    0.00019627610736574564,
    0.0001714359102259685,
    0.0001500240481052845,
    0.00013223443014276733,
    0.00011822816187347625,
    0.00010813208623178204,
    0.00010203763484211194,
    0.001,
    0.0009979623651578881,
    0.000991867913768218,
    0.000981771838126524,
    0.0009677655698572327,
    0.0009499759518947155,
    0.0009285640897740315,
    0.0009037238926342544,
    0.0008756803171472815,
    0.0008446873302753783,
    0.0008110256093070392,
    0.0007750000000000001,
    0.000736936755850849,
    0.0006971805834928397,
    0.0006560915209792423,
    0.0006140416772229784,
    0.0005714118621206842,
    0.000528588137879316,
    0.00048595832277702173,
    0.00044390847902075787,
    0.00040281941650716026,
    0.00036306324414915104,
    0.0003250000000000001,
    0.0002889743906929609,
    0.00025531266972462173,
    0.00022431968285271839,
    0.00019627610736574564,
    0.0001714359102259685,
    0.0001500240481052845,
    0.00013223443014276733,
    0.00011822816187347625,
    0.00010813208623178204,
    0.00010203763484211194,
    0.001,
    0.0009979623651578881,
    0.000991867913768218,
    0.000981771838126524,
    0.0009677655698572327,
    0.0009499759518947155,
    0.0009285640897740315,
    0.0009037238926342544,
    0.0008756803171472815,
    0.0008446873302753783,
    0.0008110256093070392,
    0.0007750000000000001,
    0.000736936755850849,
    0.0006971805834928397,
    0.0006560915209792423,
    0.0006140416772229784,
    0.0005714118621206842,
    0.000528588137879316,
    0.00048595832277702173,
    0.00044390847902075787,
    0.00040281941650716026,
    0.00036306324414915104,
    0.0003250000000000001,
    0.0002889743906929609,
    0.00025531266972462173,
    0.00022431968285271839,
    0.00019627610736574564,
    0.0001714359102259685,
    0.0001500240481052845,
    0.00013223443014276733,
    0.00011822816187347625,
    0.00010813208623178204,
    0.00010203763484211194,
    0.001,
    0.0009979623651578881,
    0.000991867913768218,
    0.000981771838126524,
    0.0009677655698572327,
    0.0009499759518947155,
    0.0009285640897740315,
    0.0009037238926342544,
    0.0008756803171472815,
    0.0008446873302753783,
    0.0008110256093070392,
    0.0007750000000000001,
    0.000736936755850849,
    0.0006971805834928397,
    0.0006560915209792423,
    0.0006140416772229784,
    0.0005714118621206842,
    0.000528588137879316,
    0.00048595832277702173,
    0.00044390847902075787,
    0.00040281941650716026,
    0.00036306324414915104,
    0.0003250000000000001,
    0.0002889743906929609,
    0.00025531266972462173,
    0.00022431968285271839,
    0.00019627610736574564,
    0.0001714359102259685,
    0.0001500240481052845,
    0.00013223443014276733,
    0.00011822816187347625,
    0.00010813208623178204,
    0.00010203763484211194,
    0.001,
    0.0009979623651578881,
    0.000991867913768218,
    0.000981771838126524,
    0.0009677655698572327,
    0.0009499759518947155,
    0.0009285640897740315,
    0.0009037238926342544,
    0.0008756803171472815,
    0.0008446873302753783,
