{
  "train_losses": [
    0.7824119939045473,
    0.3686749099782019,
    0.2927132631567391,
    0.2330442484129559,
    0.21342952831676512
  ],
  "val_losses": [
    0.37990135451157886,
    0.2894664953152339,
    0.25365903311305577,
    0.24534498155117035,
    0.2314980642663108
  ],
  "learning_rates": [
    1e-05,
    2e-05,
    3e-05,
    4e-05,
    5e-05,
    6e-05,
    7.000000000000001e-05,
    8e-05,
    8.999999999999999e-05,
    0.0001,
    0.00011,
    0.00012,
    0.00013000000000000002,
    0.00014000000000000001,
    0.00015,
    0.00016,
    0.00017,
    0.00017999999999999998,
    0.00019,
    0.0002,
    0.00021,
    0.00022,
    0.00023,
    0.00024,
    0.00025,
    0.00026000000000000003,
    0.00027,
    0.00028000000000000003,
    0.00029,
    0.0003,
    0.00031,
    0.00032,
    0.00033,
    0.00034,
    0.00035,
    0.00035999999999999997,
    0.00037,
    0.00038,
    0.00039000000000000005,
    0.0004,
    0.00041,
    0.00042,
    0.00043,
    0.00044,
    0.00045000000000000004,
    0.00046,
    0.00047,
    0.00048,
    0.00049,
    0.0005,
    0.00051,
    0.0005200000000000001,
    0.0005300000000000001,
    0.00054,
    0.00055,
    0.0005600000000000001,
    0.00057,
    0.00058,
    0.00059,
    0.0006,
    0.00061,
    0.00062,
    0.00063,
    0.00064,
    0.0006500000000000001,
    0.00066,
    0.00067,
    0.00068,
    0.00069,
    0.0007,
    0.00071,
    0.0007199999999999999,
    0.00073,
    0.00074,
    0.00075,
    0.00076,
    0.0007700000000000001,
    0.0007800000000000001,
    0.00079,
    0.0008,
    0.0008100000000000001,
    0.00082,
    0.00083,
    0.00084,
    0.00085,
    0.00086,
    0.00087,
    0.00088,
    0.0008900000000000001,
    0.0009000000000000001,
    0.00091,
    0.00092,
    0.00093,
    0.00094,
    0.00095,
    0.00096,
    0.0009699999999999999,
    0.00098,
    0.00099,
    0.001,
    0.0009979623651578881,
    0.000991867913768218,
    0.000981771838126524,
    0.0009677655698572327,
    0.0009499759518947155,
    0.0009285640897740315,
    0.0009037238926342544,
    0.0008756803171472815,
    0.0008446873302753783,
    0.0008110256093070392,
    0.0007750000000000001,
    0.000736936755850849,
    0.0006971805834928397,
    0.0006560915209792423,
    0.0006140416772229784,
    0.0005714118621206842,
    0.000528588137879316,
    0.00048595832277702173,
    0.00044390847902075787,
    0.00040281941650716026,
    0.00036306324414915104,
    0.0003250000000000001,
    0.0002889743906929609,
    0.00025531266972462173,
    0.00022431968285271839,
    0.00019627610736574564,
    0.0001714359102259685,
    0.0001500240481052845,
    0.00013223443014276733,
    0.00011822816187347625,
    0.00010813208623178204,
    0.00010203763484211194,
    0.001,
    0.0009979623651578881,
    0.000991867913768218,
    0.000981771838126524,
    0.0009677655698572327,
    0.0009499759518947155,
    0.0009285640897740315,
    0.0009037238926342544,
    0.0008756803171472815,
    0.0008446873302753783,
    0.0008110256093070392,
    0.0007750000000000001,
    0.000736936755850849,
    0.0006971805834928397,
    0.0006560915209792423,
    0.0006140416772229784,
    0.0005714118621206842,
    0.000528588137879316,
    0.00048595832277702173,
    0.00044390847902075787,
    0.00040281941650716026,
    0.00036306324414915104,
    0.0003250000000000001,
    0.0002889743906929609,
    0.00025531266972462173,
    0.00022431968285271839,
    0.00019627610736574564,
    0.0001714359102259685,
    0.0001500240481052845,
    0.00013223443014276733,
    0.00011822816187347625,
    0.00010813208623178204,
    0.00010203763484211194
  ],
  "best_val_loss": 0.2314980642663108,
  "epochs_trained": 5,
  "global_steps": 165
}