{
  "train_losses": [
    0.7824119939045473,
    0.3686749099782019,
    0.2927132631567391,
    0.2330442484129559,
    0.21342952831676512,
    0.41776355675288607,
    0.33376713735716684,
    0.30462280022246496,
    0.2650627706732069,
    0.24186244074787414,
    0.22364296125514166,
    0.20185006942067826,
    0.19099013826676778,
    0.17518662235566548,
    0.1650547587445804,
    0.15718285047582217,
    0.14425436034798622,
    0.14128471751298224,
    0.13067086413502693,
    0.1306380783872945,
    0.1225455669420106,
    0.11646379370774541,
    0.11338347303015846,
    0.10611999034881592,
    0.10938836421285357,
    0.1015548227088792,
    0.10005852420415197,
    0.09583456867507525,
    0.0954066663980484,
    0.09392644731061799,
    0.25709788939532113,
    0.22763488836148205,
    0.20985297464272556,
    0.18889727399629705,
    0.17194541412241318,
    0.1846669772092034,
    0.15769897006890354,
    0.16154169422738693,
    0.15363065591629813,
    0.14183306168107426,
    0.14159458437386682,
    0.13443273525027669,
    0.12753561182933695,
    0.12712599117966258,
    0.12093096971511841,
    0.12198347379179562,
    0.11586312555214938,
    0.11207388385253794,
    0.11059566280421089,
    0.10829827803022721,
    0.10775017168592005,
    0.10759931802749634,
    0.1056155413389206,
    0.10006073248736999,
    0.10052346306688645,
    0.05748726515208974,
    0.053792985704015285,
    0.048732226714491844,
    0.05014818402774194,
    0.045545693815631026,
    0.04935471056138768,
    0.046280585010262096,
    0.047203539487193615,
    0.047720140613177246,
    0.04956242376390625,
    0.04671369514921132,
    0.04695841670036316,
    0.04418503865599632,
    0.04332032514845624,
    0.03994445217882886,
    0.04099445417523384,
    0.03957671014701619,
    0.04022355859770494,
    0.0401161412763245,
    0.03989924260360353,
    0.03869249627870672,
    0.03915863834759768,
    0.03904588082257439,
    0.03833313856054755,
    0.03826456659418695
  ],
  "val_losses": [
    0.37990135451157886,
    0.2894664953152339,
    0.25365903311305577,
    0.24534498155117035,
    0.2314980642663108,
    0.3295101746916771,
    0.29221122339367867,
    0.26475298404693604,
    0.24686307832598686,
    0.24504073336720467,
    0.22411669790744781,
    0.21737390011548996,
    0.21083636209368706,
    0.2051813267171383,
    0.2040703482925892,
    0.1995181366801262,
    0.19739679992198944,
    0.19431442394852638,
    0.19383232668042183,
    0.19065487012267113,
    0.1884506717324257,
    0.1890348345041275,
    0.18942543864250183,
    0.18866169452667236,
    0.18955892324447632,
    0.18962163478136063,
    0.1930047981441021,
    0.1926388256251812,
    0.1931525133550167,
    0.1946660503745079,
    0.2906424105167389,
    0.22594692707061767,
    0.21639846712350846,
    0.2138480842113495,
    0.2107348173856735,
    0.20897452384233475,
    0.21130539029836654,
    0.2081711173057556,
    0.2102038860321045,
    0.21004996299743653,
    0.212569959461689,
    0.2110355541110039,
    0.2202854186296463,
    0.21519694179296495,
    0.21839074343442916,
    0.2159879758954048,
    0.22493177354335786,
    0.22130691558122634,
    0.22360980808734893,
    0.22358382642269134,
    0.22877417206764222,
    0.22726080119609832,
    0.23365097045898436,
    0.22899756580591202,
    0.23447919338941575,
    0.10723816696554422,
    0.10514831580221654,
    0.1053267551586032,
    0.10693012829869986,
    0.10752720795571805,
    0.10932065099477768,
    0.10946929547935724,
    0.1107120554894209,
    0.11208700537681579,
    0.11353593207895755,
    0.11696469653397798,
    0.11633572503924369,
    0.1139027053490281,
    0.11595092006027699,
    0.11588672306388617,
    0.11732541900128127,
    0.11559880636632443,
    0.11814585067331791,
    0.11944459490478039,
    0.1193263353779912,
    0.11997681651264429,
    0.12039345931261777,
    0.12220269851386548,
    0.12087390907108783,
    0.12385139428079128
  ],