{
  "train_losses": [
    0.9924176685950336,
    0.4661077155786402,
    0.31800443810575146,
    0.24456552021643696,
    0.2177207820555743,
    0.1896774987964069,
    0.16457871742108288,
    0.17442516544285944,
    0.14933879585827098,
    0.14287843204596462,
    0.13269376447972128,
    0.12574262697907054,
    0.12056541924967486,
    0.11295322394546341,
    0.1090839470134062,
    0.10217242162017261,
    0.1050066912875456,
    0.0994976121274864,
    0.09486525023684782,
    0.09014138360233868
  ],
  "val_losses": [
    0.4564187049865723,
    0.3146790713071823,
    0.23375952690839769,
    0.19069263972342015,
    0.16815374828875065,
    0.15406801514327526,
    0.14736359864473342,
    0.13882582802325488,
    0.13905071932822466,
    0.13393781669437885,
    0.12972882948815823,
    0.1239720007404685,
    0.12245020605623722,
    0.12021727263927459,
    0.11718318294733762,
    0.11737385839223861,
    0.11590344347059726,
    0.11587370857596398,
    0.1135589910671115,
    0.11607746928930282
  ],
  "learning_rates": [
    1e-05,
    2e-05,
    3e-05,
    4e-05,
    5e-05,
    6e-05,
    7.000000000000001e-05,
    8e-05,
    8.999999999999999e-05,
    0.0001,
    0.00011,
    0.00012,
    0.00013000000000000002,
    0.00014000000000000001,
    0.00015,
    0.00016,
    0.00017,
    0.00017999999999999998,
    0.00019,
    0.0002,
    0.00021,
    0.00022,
    0.00023,
    0.00024,
    0.00025,
    0.00026000000000000003,
    0.00027,
    0.00028000000000000003,
    0.00029,
    0.0003,
    0.00031,
    0.00032,
    0.00033,
    0.00034,
    0.00035,
    0.00035999999999999997,
    0.00037,
    0.00038,
    0.00039000000000000005,
    0.0004,
    0.00041,
    0.00042,
    0.00043,
    0.00044,
    0.00045000000000000004,
    0.00046,
    0.00047,
    0.00048,
    0.00049,
    0.0005,
    0.00051,
    0.0005200000000000001,
    0.0005300000000000001,
    0.00054,
    0.00055,
    0.0005600000000000001,
    0.00057,
    0.00058,
    0.00059,
    0.0006,
    0.00061,
    0.00062,
    0.00063,
    0.00064,
    0.0006500000000000001,
    0.00066,
    0.00067,
    0.00068,
    0.00069,
    0.0007,
    0.00071,
    0.0007199999999999999,
    0.00073,
    0.00074,
    0.00075,
    0.00076,
    0.0007700000000000001,
    0.0007800000000000001,
    0.00079,
    0.0008,
    0.0008100000000000001,
    0.00082,
    0.00083,
    0.00084,
    0.00085,
    0.00086,
    0.00087,
    0.00088,
    0.0008900000000000001,
    0.0009000000000000001,
    0.00091,
    0.00092,
    0.00093,
    0.00094,
    0.00095,
    0.00096,
    0.0009699999999999999,
    0.00098,
    0.00099,
    0.001,
    0.0009923378948577559,
    0.0009696125032319601,
    0.0009325977110783264,
    0.0008825540127492966,
    0.0008211855863706654,
    0.0007505822600994423,
    0.0006731483455324374,
    0.0005915207617584859,
    0.0005084792382415141,
    0.00042685165446756273,
    0.000349417739900558,
    0.00027881441362933467,
    0.0002174459872507033,
    0.0001674022889216737,
    0.00013038749676803994,
    0.00010766210514224421,
    0.001,
    0.0009923378948577559,
    0.0009696125032319601,
    0.0009325977110783264,
    0.0008825540127492966,
    0.0008211855863706654,
    0.0007505822600994423,
    0.0006731483455324374,
    0.0005915207617584859,
    0.0005084792382415141,
    0.00042685165446756273,
    0.000349417739900558,
    0.00027881441362933467,
    0.0002174459872507033,
    0.0001674022889216737,
    0.00013038749676803994,
    0.00010766210514224421,
    0.001,
    0.0009923378948577559,
    0.0009696125032319601,
    0.0009325977110783264,
    0.0008825540127492966,
    0.0008211855863706654,
    0.0007505822600994423,
    0.0006731483455324374,
    0.0005915207617584859,
    0.0005084792382415141,
    0.00042685165446756273,
    0.000349417739900558,
    0.00027881441362933467,
    0.0002174459872507033,
    0.0001674022889216737,
    0.00013038749676803994,
    0.00010766210514224421,
    0.001,
    0.0009923378948577559,
    0.0009696125032319601,
    0.0009325977110783264,
    0.0008825540127492966,
    0.0008211855863706654,
    0.0007505822600994423,
    0.0006731483455324374,
    0.0005915207617584859,
    0.0005084792382415141,
    0.00042685165446756273,
    0.000349417739900558,
    0.00027881441362933467,
    0.0002174459872507033,
    0.0001674022889216737,
    0.00013038749676803994,
    0.00010766210514224421,
    0.001,
    0.0009923378948577559,
    0.0009696125032319601,
    0.0009325977110783264,
    0.0008825540127492966,
    0.0008211855863706654,
    0.0007505822600994423,
    0.0006731483455324374,
    0.0005915207617584859,
    0.0005084792382415141,
    0.00042685165446756273,
    0.000349417739900558,
    0.00027881441362933467,
    0.0002174459872507033,
    0.0001674022889216737,
    0.00013038749676803994,
    0.00010766210514224421,
    0.001,
    0.0009923378948577559,
    0.0009696125032319601,
    0.0009325977110783264,
    0.0008825540127492966,
    0.0008211855863706654,
    0.0007505822600994423,
    0.0006731483455324374,
    0.0005915207617584859,
    0.0005084792382415141,
    0.00042685165446756273,
    0.000349417739900558,
    0.00027881441362933467,
    0.0002174459872507033,
    0.0001674022889216737,
    0.00013038749676803994,
    0.00010766210514224421,
    0.001,
    0.0009923378948577559,
    0.0009696125032319601,
    0.0009325977110783264,
    0.0008825540127492966,
    0.0008211855863706654,
    0.0007505822600994423,
    0.0006731483455324374,
    0.0005915207617584859,
    0.0005084792382415141,
    0.00042685165446756273,
    0.000349417739900558,
    0.00027881441362933467,
    0.0002174459872507033,
    0.0001674022889216737,
    0.00013038749676803994,
    0.00010766210514224421,
    0.001,
    0.0009923378948577559,
    0.0009696125032319601,
    0.0009325977110783264,
    0.0008825540127492966,
    0.0008211855863706654,
    0.0007505822600994423,
    0.0006731483455324374,
    0.0005915207617584859,
    0.0005084792382415141,
    0.00042685165446756273,
    0.000349417739900558,
    0.00027881441362933467,
    0.0002174459872507033,
    0.0001674022889216737,
    0.00013038749676803994,
    0.00010766210514224421,
    0.001,
    0.0009923378948577559,
    0.0009696125032319601,
    0.0009325977110783264,
    0.0008825540127492966,
    0.0008211855863706654,
    0.0007505822600994423,
    0.0006731483455324374,
    0.0005915207617584859,
    0.0005084792382415141,
    0.00042685165446756273,
    0.000349417739900558,
    0.00027881441362933467,
    0.0002174459872507033,
    0.0001674022889216737,
    0.00013038749676803994,
    0.00010766210514224421,
    0.001,
    0.0009923378948577559,
    0.0009696125032319601,
    0.0009325977110783264,
    0.0008825540127492966,
    0.0008211855863706654,
    0.0007505822600994423,
    0.0006731483455324374,
    0.0005915207617584859,
    0.0005084792382415141,
    0.00042685165446756273,
    0.000349417739900558,
    0.00027881441362933467,
    0.0002174459872507033,
    0.0001674022889216737,
    0.00013038749676803994,
    0.00010766210514224421,
    0.001,
    0.0009923378948577559,
    0.0009696125032319601,
    0.0009325977110783264,
    0.0008825540127492966,
    0.0008211855863706654,
    0.0007505822600994423,
    0.0006731483455324374,
    0.0005915207617584859,
    0.0005084792382415141,
    0.00042685165446756273,
    0.000349417739900558,
    0.00027881441362933467,
    0.0002174459872507033,
    0.0001674022889216737,
    0.00013038749676803994,
    0.00010766210514224421,
    0.001,
    0.0009923378948577559,
    0.0009696125032319601,
    0.0009325977110783264,
    0.0008825540127492966,
    0.0008211855863706654,
    0.0007505822600994423,
    0.0006731483455324374,
    0.0005915207617584859,
    0.0005084792382415141,
    0.00042685165446756273,
    0.000349417739900558,
    0.00027881441362933467,
    0.0002174459872507033,
    0.0001674022889216737,
    0.00013038749676803994,
    0.00010766210514224421,
    0.001,
